{
    "model_type": "BP-Basic",
    "config": {
        "layer_sizes": [
            784,
            128,
            64,
            10
        ],
        "learning_rate": 0.1,
        "batch_size": 128,
        "epochs": 50,
        "early_stopping_patience": 10
    },
    "metrics": {
        "train_acc": 0.910875,
        "val_acc": 0.9078333333333334,
        "test_acc": 0.9125,
        "test_f1": 0.9121167370797051,
        "test_precision": 0.9115415491973382,
        "test_recall": 0.9108912613274291,
        "per_class_acc": [
            0.9744897959183674,
            0.9744493392070485,
            0.8895348837209303,
            0.9089108910891089,
            0.9317718940936863,
            0.8150224215246636,
            0.9373695198329853,
            0.9105058365758755,
            0.8788501026694046,
            0.88800792864222
        ]
    },
    "training_history": {
        "train_losses": [
            0.0926109988498459,
            0.08911794849403211,
            0.08828886614607158,
            0.08698119629951509,
            0.08456484859944412,
            0.0800399310827966,
            0.07369864369536058,
            0.06674520500168234,
            0.06003269924354642,
            0.05433069474645993,
            0.04963934059362514,
            0.04573645250492594,
            0.0424369842226202,
            0.03963058643050388,
            0.037206836276880755,
            0.03510806640151799,
            0.03326257382739138,
            0.03162610230108224,
            0.030163259931774395,
            0.028839066192285115,
            0.02764995386946716,
            0.026565701231599605,
            0.025584292253133276,
            0.024692291862628887,
            0.023886476834033648,
            0.023156942216352904,
            0.02249488175558185,
            0.02190094490188651,
            0.0213559367829342,
            0.020858676712249422,
            0.020406204760277595,
            0.019988317661940088,
            0.019603179144237474,
            0.01924699160892773,
            0.018916757822345684,
            0.018610655050993748,
            0.018321309506388037,
            0.018049753335469865,
            0.017790549595325805,
            0.017550427948197687,
            0.01732227189479876,
            0.017103180162583623,
            0.016897312948007243,
            0.016697453544379542,
            0.016511001963687207,
            0.016332910123872408,
            0.016162634771547776,
            0.015996186408641352,
            0.015834531875367538,
            0.015679629406873227
        ],
        "val_losses": [
            0.08280063082641158,
            0.05232584582027181,
            0.036763706541343366,
            0.02882179306119789,
            0.02400014525779852,
            0.021060559120145952,
            0.01917984733793114,
            0.017868667618615303,
            0.016878068997559417,
            0.016068592492991775
        ],
        "train_accs": [
            0.3603125,
            0.7034375,
            0.8262083333333333,
            0.8650625,
            0.8826875,
            0.8921458333333333,
            0.8982291666666666,
            0.9024583333333334,
            0.9071875,
            0.910875
        ],
        "val_accs": [
            0.3581666666666667,
            0.6973333333333334,
            0.8203333333333334,
            0.8604166666666667,
            0.87925,
            0.8888333333333334,
            0.8958333333333334,
            0.9000833333333333,
            0.9049166666666667,
            0.9078333333333334
        ]
    },
    "confusion_matrix": [
        [
            955,
            0,
            3,
            2,
            2,
            6,
            8,
            2,
            2,
            0
        ],
        [
            0,
            1106,
            1,
            5,
            1,
            1,
            4,
            1,
            16,
            0
        ],
        [
            16,
            6,
            918,
            11,
            19,
            0,
            12,
            12,
            33,
            5
        ],
        [
            3,
            1,
            24,
            918,
            2,
            25,
            2,
            12,
            16,
            7
        ],
        [
            1,
            5,
            6,
            0,
            915,
            0,
            12,
            2,
            5,
            36
        ],
        [
            21,
            3,
            4,
            49,
            19,
            727,
            19,
            11,
            33,
            6
        ],
        [
            20,
            4,
            5,
            0,
            12,
            15,
            898,
            1,
            3,
            0
        ],
        [
            5,
            13,
            32,
            3,
            10,
            1,
            0,
            936,
            2,
            26
        ],
        [
            5,
            8,
            10,
            26,
            13,
            25,
            14,
            6,
            856,
            11
        ],
        [
            13,
            7,
            2,
            11,
            47,
            13,
            1,
            14,
            5,
            896
        ]
    ]
}