{
    "basic_model": {
        "model_type": "BP-Basic",
        "accuracy": 0.9127,
        "f1_score": 0.9123341869103774,
        "final_train_loss": 0.015675942234555134,
        "final_val_loss": 0.016064713584300172,
        "training_history": {
            "train_losses": [
                0.09262890991823815,
                0.08912008957714292,
                0.08829310897943479,
                0.08698962606400708,
                0.08457624174664366,
                0.08005372855381337,
                0.07371992819476472,
                0.06681961332684228,
                0.0601857130936021,
                0.05450419312646784,
                0.0498152979295794,
                0.04589420558607097,
                0.04258387210198862,
                0.03975782783919165,
                0.037317902271457856,
                0.03520006859941365,
                0.03332888625514464,
                0.031678484994098484,
                0.0301958834963134,
                0.028862049488710042,
                0.027650285797493013,
                0.026547063978493043,
                0.025554399088410285,
                0.024654932416559815,
                0.0238434878784904,
                0.023109379713260013,
                0.02244704445374658,
                0.02184959002216885,
                0.021303956520188818,
                0.020813475266784655,
                0.02036316366578049,
                0.019948097712805046,
                0.01956311442876553,
                0.01921085965106464,
                0.018886805357040258,
                0.01857845909225284,
                0.018293385394255648,
                0.018025329791752216,
                0.017773305394032685,
                0.01753141114309912,
                0.017304996888846593,
                0.017089706471162612,
                0.016884749255343515,
                0.016688194174284694,
                0.016503880607548274,
                0.016325534235647584,
                0.016150193193696243,
                0.01598931563624803,
                0.015828752754260086,
                0.015675942234555134
            ],
            "val_losses": [
                0.08279712452546298,
                0.052387008529714195,
                0.036620669205051234,
                0.028643113522406307,
                0.023886169048120656,
                0.021001757982830604,
                0.019158246765415804,
                0.017839681109549498,
                0.016846888924094795,
                0.016064713584300172
            ],
            "train_accs": [
                0.40758333333333335,
                0.7048958333333334,
                0.8273333333333334,
                0.865875,
                0.8831458333333333,
                0.8932083333333334,
                0.8984375,
                0.9031875,
                0.9075416666666667,
                0.9109791666666667
            ],
            "val_accs": [
                0.4018333333333333,
                0.6995833333333333,
                0.8211666666666667,
                0.8599166666666667,
                0.8778333333333334,
                0.8865,
                0.8925833333333333,
                0.8983333333333333,
                0.90125,
                0.9064166666666666
            ]
        }
    },
    "improved_model": {
        "model_type": "BP-Improved",
        "accuracy": 0.9545,
        "f1_score": 0.9544333046266141,
        "final_train_loss": 0.1904166029103673,
        "final_val_loss": 0.2070336965407475,
        "training_history": {
            "train_losses": [
                1.9736515515634516,
                0.9539825689646646,
                0.6158440087516843,
                0.5002471541500042,
                0.4419798274692396,
                0.4067505425878588,
                0.3828792954829626,
                0.3658638943360696,
                0.35218348332997973,
                0.34071088024541135,
                0.33103639229897863,
                0.32276084829293705,
                0.31516630771349025,
                0.30805302612522717,
                0.30172394742076963,
                0.29530329611074124,
                0.28947443525740646,
                0.28420454097157727,
                0.27909359514389376,
                0.2741499142016041,
                0.2691567518800674,
                0.2648809385992042,
                0.260592543016882,
                0.2563678262382032,
                0.25251836660948945,
                0.24892894885682476,
                0.24502629507544987,
                0.24148869102125325,
                0.23806281407236107,
                0.23500530854919002,
                0.2319860660912365,
                0.22888228535299357,
                0.2259913649826575,
                0.22319751113840205,
                0.22072663834008457,
                0.21811352694436978,
                0.21580191281126496,
                0.21322836567209982,
                0.21108809595836348,
                0.2087853959625641,
                0.20660183651240538,
                0.20456820736540807,
                0.20261223130940936,
                0.2007329360921843,
                0.1989303121157217,
                0.1971502803178113,
                0.19523770709989424,
                0.19362699989900395,
                0.1919456441801355,
                0.1904166029103673
            ],
            "val_losses": [
                0.4380584498129102,
                0.351361169746404,
                0.3134465956981446,
                0.2867198790096272,
                0.2650261907639225,
                0.24874261016049196,
                0.2360591003767752,
                0.2238867973462228,
                0.21446172439896477,
                0.2070336965407475
            ],
            "train_accs": [
                0.8915208333333333,
                0.9143333333333333,
                0.925625,
                0.9337708333333333,
                0.9405208333333334,
                0.9459791666666667,
                0.9506666666666667,
                0.954875,
                0.9577708333333333,
                0.9604166666666667
            ],
            "val_accs": [
                0.8863333333333333,
                0.9081666666666667,
                0.9193333333333333,
                0.92725,
                0.9350833333333334,
                0.9405833333333333,
                0.9435,
                0.9485833333333333,
                0.9521666666666667,
                0.9533333333333334
            ]
        }
    },
    "improvement": {
        "accuracy_improvement_%": 4.579818122055446,
        "f1_improvement_%": 4.614440445206328
    },
    "overfitting": {
        "basic_model_overfit": 0.004562500000000025,
        "improved_model_overfit": 0.00708333333333333
    }
}