{
    "cnn_relu": {
        "model_type": "CNN-ReLU",
        "accuracy": 0.8736842105263158,
        "f1_score": 0.8701126044248146,
        "final_train_loss": 0.13638867916805403,
        "final_val_loss": 0.6864672694355249,
        "convergence_epoch": 22,
        "per_class_accuracy": [
            0.8947368421052632,
            1.0,
            1.0,
            0.6842105263157895,
            1.0,
            0.7894736842105263,
            0.6842105263157895,
            1.0,
            0.6842105263157895,
            1.0
        ],
        "training_history": {
            "train_losses": [
                2.3100796341896057,
                2.3045216032436917,
                2.303985961845943,
                2.302729845046997,
                2.2674602440425327,
                2.090544807059424,
                1.5959723506655012,
                1.1591835298708506,
                0.8771862004484449,
                0.7559983134269714,
                0.6497033387422562,
                0.5934962726065091,
                0.48820577774729046,
                0.4389160578804357,
                0.40166360778467997,
                0.3533023718212332,
                0.3408474376691239,
                0.30304998931075844,
                0.2898542553718601,
                0.28338380929614815,
                0.24843575406287396,
                0.25771783318902763,
                0.25279597166393486,
                0.2192547916035567,
                0.1977225440953459,
                0.20178088452666998,
                0.18940506902124202,
                0.1661194750506963,
                0.17472275985138758,
                0.14517906135214226,
                0.1797819882631302,
                0.13638867916805403
            ],
            "val_losses": [
                2.3052030404408774,
                2.3047977288564048,
                2.2996389865875244,
                2.2867677211761475,
                2.1758963465690613,
                1.6444871226946514,
                1.0982435941696167,
                0.6852762053410212,
                0.595515713095665,
                0.4602370212475459,
                0.6412502229213715,
                0.49237215022246045,
                0.4335646132628123,
                0.6845940550168356,
                0.49138085171580315,
                0.44022327847778797,
                0.45140013595422107,
                0.45894688616196316,
                0.47073165078957874,
                0.4210422933101654,
                0.415738911057512,
                0.3260888159275055,
                0.4829521421343088,
                0.6278614029288292,
                0.44823234404126805,
                0.3368918411433697,
                0.48049401367704075,
                0.44973323742548627,
                0.45384735614061356,
                0.5147364124034842,
                0.5469620420287052,
                0.6864672694355249
            ],
            "train_accs": [
                0.09318181818181819,
                0.09431818181818181,
                0.10681818181818181,
                0.11136363636363636,
                0.175,
                0.25681818181818183,
                0.46136363636363636,
                0.625,
                0.7056818181818182,
                0.7454545454545455,
                0.7795454545454545,
                0.8022727272727272,
                0.8409090909090909,
                0.8556818181818182,
                0.8693181818181818,
                0.8738636363636364,
                0.8863636363636364,
                0.9034090909090909,
                0.8977272727272727,
                0.9261363636363636,
                0.9238636363636363,
                0.9125,
                0.9136363636363637,
                0.9295454545454546,
                0.9409090909090909,
                0.9352272727272727,
                0.9454545454545454,
                0.9386363636363636,
                0.9352272727272727,
                0.95,
                0.9363636363636364,
                0.9545454545454546
            ],
            "val_accs": [
                0.1,
                0.1,
                0.1,
                0.12105263157894737,
                0.24736842105263157,
                0.5,
                0.5894736842105263,
                0.7684210526315789,
                0.7631578947368421,
                0.8421052631578947,
                0.7526315789473684,
                0.8105263157894737,
                0.8526315789473684,
                0.7578947368421053,
                0.8210526315789474,
                0.8421052631578947,
                0.8421052631578947,
                0.8421052631578947,
                0.8368421052631579,
                0.8526315789473684,
                0.8526315789473684,
                0.8894736842105263,
                0.8315789473684211,
                0.8105263157894737,
                0.8368421052631579,
                0.8789473684210526,
                0.8473684210526315,
                0.8421052631578947,
                0.8526315789473684,
                0.8421052631578947,
                0.8368421052631579,
                0.8157894736842105
            ]
        }
    },
    "cnn_sigmoid": {
        "model_type": "CNN-Sigmoid",
        "accuracy": 0.1,
        "f1_score": 0.01818181818181818,
        "final_train_loss": 2.3058154582977295,
        "final_val_loss": 2.3025913635889688,
        "convergence_epoch": 20,
        "per_class_accuracy": [
            0.0,
            0.0,
            0.0,
            0.0,
            0.0,
            0.0,
            0.0,
            0.0,
            0.0,
            1.0
        ],
        "training_history": {
            "train_losses": [
                2.3334395033972606,
                2.3199221236365184,
                2.309750957148416,
                2.320178747177124,
                2.325377106666565,
                2.31464535849435,
                2.306907296180725,
                2.3145081060273305,
                2.3191547649247304,
                2.321881209100996,
                2.31640157529286,
                2.3072239671434676,
                2.30668614591871,
                2.3104748044695174,
                2.311081426484244,
                2.3052366205624173,
                2.309851816722325,
                2.311114081314632,
                2.309796920844487,
                2.3146324157714844,
                2.3066632662500655,
                2.308653346129826,
                2.307043203285762,
                2.3125654458999634,
                2.3067986709730968,
                2.304951182433537,
                2.306604964392526,
                2.3052529777799333,
                2.30732262134552,
                2.3058154582977295
            ],
            "val_losses": [
                2.3034228881200156,
                2.302944461504618,
                2.3028765519460044,
                2.303153077761332,
                2.3026973406473794,
                2.3026025692621865,
                2.303096334139506,
                2.302996198336283,
                2.3027276198069253,
                2.3035800457000732,
                2.3028074502944946,
                2.3027108907699585,
                2.3025443951288858,
                2.3031392892201743,
                2.3026020526885986,
                2.302574038505554,
                2.3027636607488,
                2.3028910160064697,
                2.302783966064453,
                2.302528738975525,
                2.3028806845347085,
                2.3027079105377197,
                2.3027251164118447,
                2.3032352129618325,
                2.302777131398519,
                2.3028891881306968,
                2.3027400175730386,
                2.3027400970458984,
                2.3027989069620767,
                2.3025913635889688
            ],