{
    "cnn_relu": {
        "model_type": "CNN-ReLU",
        "accuracy": 0.9866,
        "f1_score": 0.9865955187579437,
        "final_train_loss": 0.043839987689391416,
        "final_val_loss": 0.0457011828040506,
        "convergence_epoch": 9,
        "per_class_accuracy": [
            0.996938775510204,
            0.9955947136563876,
            0.9903100775193798,
            0.9851485148514851,
            0.9918533604887984,
            0.9899103139013453,
            0.9770354906054279,
            0.9883268482490273,
            0.9835728952772074,
            0.9663032705649157
        ],
        "training_history": {
            "train_losses": [
                1.0530312735032528,
                0.2987434040517249,
                0.21477551805846234,
                0.16089629231298225,
                0.13298337222968645,
                0.11180167768071307,
                0.09964337267298648,
                0.09233248992723987,
                0.08351161848614982,
                0.0782464034657212,
                0.07147508481160757,
                0.06622161099964634,
                0.06326794278550338,
                0.05814971524152033,
                0.055071664840339665,
                0.05346584417163692,
                0.05168837794855712,
                0.04714041414789538,
                0.04431349063846976,
                0.043839987689391416
            ],
            "val_losses": [
                0.18389156841217202,
                0.11173902000201509,
                0.0805065169771935,
                0.06992077074469404,
                0.059765510855520024,
                0.05641733666763027,
                0.05074699589625952,
                0.047574421430521825,
                0.041898683070185336,
                0.0457011828040506
            ],
            "train_accs": [
                0.6583958333333333,
                0.9061458333333333,
                0.9339166666666666,
                0.951125,
                0.9587916666666667,
                0.9655625,
                0.970125,
                0.9713125,
                0.9739166666666667,
                0.9753958333333334,
                0.9777291666666666,
                0.9795416666666666,
                0.9807708333333334,
                0.9818333333333333,
                0.9826875,
                0.982625,
                0.9837291666666667,
                0.9849375,
                0.9859375,
                0.9857708333333334
            ],
            "val_accs": [
                0.9436666666666667,
                0.96525,
                0.9755833333333334,
                0.97775,
                0.9819166666666667,
                0.9826666666666667,
                0.9843333333333333,
                0.98525,
                0.9875,
                0.9863333333333333
            ]
        }
    },
    "cnn_sigmoid": {
        "model_type": "CNN-Sigmoid",
        "accuracy": 0.143,
        "f1_score": 0.07370685051330103,
        "final_train_loss": 2.288509896461,
        "final_val_loss": 2.279201811932503,
        "convergence_epoch": 10,
        "per_class_accuracy": [
            0.2010204081632653,
            1.0,
            0.020348837209302327,
            0.01485148514851485,
            0.0,
            0.0,
            0.0,
            0.06031128404669261,
            0.0,
            0.0
        ],
        "training_history": {
            "train_losses": [
                2.307534137938885,
                2.3033514986646937,
                2.3023312611782805,
                2.3021604494845613,
                2.30156823295228,
                2.301214834477039,
                2.3012523562350173,
                2.3014271195898663,
                2.3011598181217274,
                2.30106927739813,
                2.3009570837020874,
                2.3006240116788987,
                2.3005049621805234,
                2.3002214102034872,
                2.300011623413005,
                2.29973119750936,
                2.298824092175098,
                2.297502231090627,
                2.2948008128937256,
                2.288509896461
            ],
            "val_losses": [
                2.3012864386781735,
                2.3006991832814316,
                2.3009100061781864,
                2.300492565682594,
                2.300503187991203,
                2.3005323612943607,
                2.2993490340861866,
                2.2983520538248916,
                2.294836901603861,
                2.279201811932503
            ],
            "train_accs": [
                0.1049375,
                0.1050625,
                0.10847916666666667,
                0.11010416666666667,
                0.110875,
                0.1124375,
                0.11170833333333334,
                0.11208333333333333,
                0.11135416666666667,
                0.11289583333333333,
                0.112375,
                0.11197916666666667,
                0.11220833333333333,
                0.11245833333333333,
                0.11325,
                0.11447916666666667,
                0.11641666666666667,
                0.1169375,
                0.12616666666666668,
                0.13652083333333334
            ],
            "val_accs": [
                0.11266666666666666,
                0.11266666666666666,
                0.11266666666666666,
                0.11266666666666666,
                0.11266666666666666,
                0.11266666666666666,
                0.11266666666666666,
                0.11266666666666666,
                0.17866666666666667,
                0.14233333333333334
            ]
        }
    },
    "activation_comparison": {
        "relu_vs_sigmoid_improvement_%": 589.93006993007
    }
}